name,email
James,jbutt@gmail.com
Josephine,josephine_darakjy@darakjy.org
Art,art@venere.org
Lenna,lpaprocki@hotmail.com
Donette,donette.foller@cox.net
Simona,simona@morasca.com
Mitsue,mitsue_tollner@yahoo.com
Leota,leota@hotmail.com
Sage,sage_wieser@cox.net
Kris,kris@gmail.com
Minna,minna_amigon@yahoo.com
Abel,amaclead@gmail.com
Kiley,kiley.caldarera@aol.com
Graciela,gruta@cox.net
Cammy,calbares@gmail.com
Mattie,mattie@aol.com
Meaghan,meaghan@hotmail.com
Gladys,gladys.rim@rim.org
Yuki,yuki_whobrey@aol.com
Fletcher,fletcher.flosi@yahoo.com
Bette,bette_nicka@cox.net
Veronika,vinouye@aol.com
Willard,willard@hotmail.com
Maryann,mroyster@royster.com
Alisha,alisha@slusarski.com
Allene,allene_iturbide@cox.net
Chanel,chanel.caudy@caudy.org
Ezekiel,ezekiel@chui.com
Willow,wkusko@yahoo.com
Bernardo,bfigeroa@aol.com
Ammie,ammie@corrio.com
Francine,francine_vocelka@vocelka.com
Ernie,ernie_stenseth@aol.com
Albina,albina@glick.com
Alishia,asergi@gmail.com
Solange,solange@shinko.com
Jose,jose@yahoo.com
Rozella,rozella.ostrosky@ostrosky.com
Valentine,valentine_gillian@gmail.com
Kati,kati.rulapaugh@hotmail.com
Youlanda,youlanda@aol.com
Dyan,doldroyd@aol.com
Roxane,roxane@hotmail.com
Lavera,lperin@perin.org
Erick,erick.ferencz@aol.com
Fatima,fsaylors@saylors.org
Jina,jina_briddick@briddick.com
Kanisha,kanisha_waycott@yahoo.com
Emerson,emerson.bowley@bowley.org
Blair,bmalet@yahoo.com
